cve,n_occur,cvss_2_score,vector,module_affected,description
CVE-2017-15906,584,5.0,(AV:N/AC:L/Au:N/C:N/I:P/A:N),OpenSSH,"The process_open function in sftp-server.c in OpenSSH before 7.6 does not properly prevent write operations in readonly mode, which allows attackers to create zero-length files."
CVE-2010-1899,475,4.3,(AV:N/AC:M/Au:N/C:N/I:N/A:P),"IIS 5.1, 6.0, 7.0, 7.5","Stack consumption vulnerability in the ASP implementation in Microsoft Internet Information Services (IIS) 5.1, 6.0, 7.0, and 7.5 allows remote attackers to cause a denial of service (daemon outage) via a crafted request, related to asp.dll, aka ""IIS Repeated Parameter Request Denial of Service Vulnerability."""
CVE-2010-1256,475,8.5,(AV:N/AC:M/Au:S/C:C/I:C/A:C),"IIS 6.0, 7.0, 7.5","Unspecified vulnerability in Microsoft IIS 6.0, 7.0, and 7.5, when Extended Protection for Authentication is enabled, allows remote authenticated users to execute arbitrary code via unknown vectors related to ""token checking"" that trigger memory corruption, aka ""IIS Authentication Memory Corruption Vulnerability."""
CVE-2016-10708,432,5.0,(AV:N/AC:L/Au:N/C:N/I:N/A:P),OpenSSH,"sshd in OpenSSH before 7.4 allows remote attackers to cause a denial of service (NULL pointer dereference and daemon crash) via an out-of-sequence NEWKEYS message, as demonstrated by Honggfuzz, related to kex.c and packet.c."
CVE-2014-1692,430,7.5,(AV:N/AC:L/Au:N/C:P/I:P/A:P),OpenSSH,"The hash_buffer function in schnorr.c in OpenSSH through 6.4, when Makefile.inc is modified to enable the J-PAKE protocol, does not initialize certain data structures, which might allow remote attackers to cause a denial of service (memory corruption) or have unspecified other impact via vectors that trigger an error condition."
CVE-2012-0814,429,3.5,(AV:N/AC:M/Au:S/C:P/I:N/A:N),OpenSSH,"The auth_parse_options function in auth-options.c in sshd in OpenSSH before 5.7 provides debug messages containing authorized_keys command options, which allows remote authenticated users to obtain potentially sensitive information by reading these messages, as demonstrated by the shared user account required by Gitolite. NOTE: this can cross privilege boundaries because a user account may intentionally have no shell or filesystem access, and therefore may have no supported way to read an authorized_keys file in its own home directory."
CVE-2011-5000,429,3.5,(AV:N/AC:M/Au:S/C:N/I:N/A:P),OpenSSH,"The ssh_gssapi_parse_ename function in gss-serv.c in OpenSSH 5.8 and earlier, when gssapi-with-mic authentication is enabled, allows remote authenticated users to cause a denial of service (memory consumption) via a large value in a certain length field. NOTE: there may be limited scenarios in which this issue is relevant."
CVE-2011-4327,429,2.1,(AV:L/AC:L/Au:N/C:P/I:N/A:N),OpenSSH,"ssh-keysign.c in ssh-keysign in OpenSSH before 5.8p2 on certain platforms executes ssh-rand-helper with unintended open file descriptors, which allows local users to obtain sensitive key information via the ptrace system call."
CVE-2010-5107,429,5.0,(AV:N/AC:L/Au:N/C:N/I:N/A:P),OpenSSH,"The default configuration of OpenSSH through 6.1 enforces a fixed time limit between establishing a TCP connection and completing a login, which makes it easier for remote attackers to cause a denial of service (connection-slot exhaustion) by periodically making many new TCP connections."
CVE-2010-4755,429,4.0,(AV:N/AC:L/Au:S/C:N/I:N/A:P),OpenSSH,"The (1) remote_glob function in sftp-glob.c and the (2) process_put function in sftp.c in OpenSSH 5.8 and earlier, as used in FreeBSD 7.3 and 8.1, NetBSD 5.0.2, OpenBSD 4.7, and other products, allow remote authenticated users to cause a denial of service (CPU and memory consumption) via crafted glob expressions that do not match any pathnames, as demonstrated by glob expressions in SSH_FXP_STAT requests to an sftp daemon, a different vulnerability than CVE-2010-2632."
CVE-2010-4478,429,7.5,(AV:N/AC:L/Au:N/C:P/I:P/A:P),OpenSSH,"OpenSSH 5.6 and earlier, when J-PAKE is enabled, does not properly validate the public parameters in the J-PAKE protocol, which allows remote attackers to bypass the need for knowledge of the shared secret, and successfully authenticate, by sending crafted values in each round of the protocol, a related issue to CVE-2010-4252."
CVE-2016-0777,427,4.0,(AV:N/AC:L/Au:S/C:P/I:N/A:N),OpenSSH,"The resend_bytes function in roaming_common.c in the client in OpenSSH 5.x, 6.x, and 7.x before 7.1p2 allows remote servers to obtain sensitive information from process memory by requesting transmission of an entire buffer, as demonstrated by reading a private key."
CVE-2012-2531,405,2.1,(AV:L/AC:L/Au:N/C:P/I:N/A:N),IIS 7.5,"Microsoft Internet Information Services (IIS) 7.5 uses weak permissions for the Operational log, which allows local users to discover credentials by reading this file, aka ""Password Disclosure Vulnerability."""
CVE-2010-3972,405,10.0,(AV:N/AC:L/Au:N/C:C/I:C/A:C),"IIS 7.0, 7.5","Heap-based buffer overflow in the TELNET_STREAM_CONTEXT::OnSendData function in ftpsvc.dll in Microsoft FTP Service 7.0 and 7.5 for Internet Information Services (IIS) 7.0, and IIS 7.5, allows remote attackers to execute arbitrary code or cause a denial of service (daemon crash) via a crafted FTP command, aka ""IIS FTP Service Heap Buffer Overrun Vulnerability."" NOTE: some of these details are obtained from third party information."
CVE-2010-2730,405,9.3,(AV:N/AC:M/Au:N/C:C/I:C/A:C),IIS 7.5,"Buffer overflow in Microsoft Internet Information Services (IIS) 7.5, when FastCGI is enabled, allows remote attackers to execute arbitrary code via crafted headers in a request, aka ""Request Header Buffer Overflow Vulnerability."""
CVE-2018-15473,324,,,,
CVE-2016-8612,310,,,,
CVE-2017-7679,304,,,,
CVE-2016-4975,278,,,,
CVE-2018-17199,262,,,,
CVE-2018-1312,237,,,,
CVE-2018-1283,237,,,,
CVE-2017-15715,237,,,,
CVE-2017-15710,237,,,,
CVE-2019-9024,235,,,,
CVE-2017-9798,230,,,,
CVE-2019-9641,228,,,,
CVE-2019-9639,228,,,,
CVE-2019-9638,228,,,,
CVE-2019-9637,228,,,,
CVE-2019-9023,228,,,,
CVE-2019-9021,228,,,,
CVE-2019-9020,228,,,,
CVE-2019-6977,228,,,,
CVE-2018-20783,228,,,,
CVE-2018-19935,226,,,,
CVE-2018-17082,226,,,,
CVE-2018-15132,223,,,,
CVE-2018-14883,223,,,,
CVE-2014-0098,223,,,,
CVE-2013-6438,223,,,,
CVE-2018-19396,217,,,,
CVE-2018-19395,217,,,,
CVE-2014-0231,215,,,,
CVE-2018-10549,211,,,,
CVE-2018-10548,211,,,,
CVE-2018-10547,211,,,,
CVE-2018-10546,211,,,,
CVE-2018-10545,211,,,,
CVE-2017-9788,196,,,,
CVE-2017-16642,191,,,,
CVE-2017-7668,183,,,,
CVE-2017-3169,183,,,,
CVE-2017-3167,183,,,,
CVE-2018-19520,178,,,,
CVE-2016-8743,170,,,,
CVE-2019-0211,157,,,,
CVE-2018-15919,155,,,,
CVE-2016-2161,139,,,,
CVE-2016-0736,139,,,,
CVE-2015-3184,135,,,,
CVE-2015-3185,134,,,,
CVE-2014-8109,132,,,,
CVE-2014-3523,122,,,,
CVE-2014-0226,122,,,,
CVE-2014-0118,122,,,,
CVE-2014-0117,122,,,,
CVE-2019-6341,116,,,,
CVE-2018-11763,110,,,,
CVE-2013-2249,107,,,,
CVE-2015-8994,106,,,,
CVE-2018-19518,103,,,,
CVE-2019-6339,102,,,,
CVE-2019-6338,102,,,,
CVE-2018-1333,102,,,,
CVE-2016-7478,102,,,,
CVE-2013-4352,99,,,,
CVE-2013-1862,96,,,,
CVE-2012-4558,94,,,,
CVE-2012-3499,94,,,,
CVE-2013-1896,92,,,,
CVE-2012-2687,90,,,,
CVE-2012-0883,90,,,,
CVE-2012-0031,90,,,,
CVE-2011-3348,88,,,,
CVE-2011-0419,88,,,,
CVE-2011-4317,82,,,,
CVE-2011-3368,82,,,,
CVE-2011-3639,80,,,,
CVE-2011-3192,80,,,,
CVE-2012-0053,79,,,,
CVE-2011-4415,78,,,,
CVE-2011-3607,78,,,,
CVE-2009-2521,72,,,,
CVE-2008-1446,72,,,,
CVE-2012-4557,70,,,,
CVE-2010-1452,70,,,,
CVE-2010-2068,62,,,,
CVE-2019-9022,50,,,,
CVE-2019-0215,49,,,,
CVE-2014-9427,49,,,,
CVE-2014-5459,49,,,,
CVE-2018-14851,48,,,,
CVE-2014-0238,46,,,,
CVE-2014-0237,46,,,,
CVE-2019-9787,43,,,,
CVE-2018-7584,42,,,,
CVE-2019-9675,41,,,,
CVE-2009-3555,41,,,,
CVE-2014-2497,40,,,,
CVE-2008-0074,40,,,,
CVE-2019-8942,39,,,,
CVE-2019-0217,39,,,,
CVE-2018-20153,39,,,,
CVE-2018-20152,39,,,,
CVE-2018-20151,39,,,,
CVE-2018-20150,39,,,,
CVE-2018-20149,39,,,,
CVE-2018-20148,39,,,,
CVE-2018-20147,39,,,,
CVE-2013-6420,37,,,,
CVE-2013-4635,37,,,,
CVE-2013-2110,37,,,,
CVE-2013-1643,37,,,,
CVE-2013-1635,37,,,,
CVE-2012-3365,37,,,,
CVE-2012-2688,37,,,,
CVE-2012-2143,37,,,,
CVE-2016-8740,36,,,,
CVE-2013-4248,35,,,,
CVE-2012-1171,35,,,,
CVE-2011-4718,35,,,,
CVE-2012-2386,34,,,,
CVE-2012-2336,34,,,,
CVE-2012-2311,34,,,,
CVE-2014-9767,33,,,,
CVE-2012-2376,33,,,,
CVE-2016-1546,32,,,,
CVE-2012-1823,32,,,,
CVE-2012-1172,32,,,,
CVE-2009-4444,32,,,,
CVE-2009-3023,32,,,,
CVE-2009-1535,32,,,,
CVE-2012-0789,31,,,,
CVE-2012-0788,31,,,,
CVE-2012-0057,31,,,,
CVE-2011-4885,31,,,,
CVE-2019-9640,30,,,,
CVE-2018-7602,30,,,,
CVE-2018-5712,30,,,,
CVE-2018-5711,30,,,,
CVE-2017-7269,30,,,,
CVE-2016-4979,30,,,,
CVE-2011-1470,30,,,,
CVE-2011-1469,30,,,,
CVE-2011-1468,30,,,,
CVE-2011-1467,30,,,,
CVE-2011-1466,30,,,,
CVE-2011-1464,30,,,,
CVE-2011-1092,30,,,,
CVE-2011-0708,30,,,,
CVE-2011-0421,30,,,,
CVE-2007-1278,30,,,,
CVE-2003-1582,30,,,,
CVE-2018-14884,28,,,,
CVE-2018-1303,28,,,,
CVE-2018-1302,28,,,,
CVE-2018-1301,28,,,,
CVE-2012-0831,28,,,,
CVE-2011-0755,28,,,,
CVE-2010-4699,28,,,,
CVE-2010-3870,28,,,,
CVE-2006-7243,28,,,,
CVE-2014-4721,27,,,,
CVE-2019-11035,26,,,,
CVE-2019-11034,26,,,,
CVE-2017-7659,26,,,,
CVE-2018-7600,25,,,,
CVE-2018-12895,25,,,,
CVE-2017-9120,24,,,,
CVE-2011-3268,24,,,,
CVE-2011-3267,24,,,,
CVE-2011-3182,24,,,,
CVE-2011-2483,24,,,,
CVE-2011-1153,24,,,,
CVE-2015-0204,23,,,,
CVE-2018-10101,22,,,,
CVE-2016-7568,22,,,,
CVE-2010-4697,22,,,,
CVE-2007-6750,22,,,,
CVE-2019-9193,21,,,,
CVE-2018-1115,21,,,,
CVE-2018-1058,21,,,,
CVE-2017-7547,21,,,,
CVE-2017-7546,21,,,,
CVE-2017-7486,21,,,,
CVE-2017-7485,21,,,,
CVE-2017-7484,21,,,,
CVE-2017-15098,21,,,,
CVE-2017-12932,21,,,,
CVE-2017-12172,21,,,,
CVE-2010-4645,20,,,,
CVE-2017-12868,19,,,,
CVE-2009-2699,19,,,,
CVE-2019-6340,18,,,,
CVE-2017-14798,18,,,,
CVE-2016-5424,18,,,,
CVE-2016-5423,18,,,,
CVE-2016-4073,18,,,,
CVE-2016-4072,18,,,,
CVE-2016-4071,18,,,,
CVE-2010-3710,18,,,,
CVE-2010-3709,18,,,,
CVE-2009-1891,18,,,,
CVE-2009-1890,18,,,,
CVE-2017-7890,17,,,,
CVE-2017-12933,17,,,,
CVE-2017-11628,17,,,,
CVE-2017-11145,17,,,,
CVE-2017-11144,17,,,,
CVE-2017-1000600,17,,,,
CVE-2016-5116,17,,,,
CVE-2016-3171,17,,,,
CVE-2015-4605,17,,,,
CVE-2015-4604,17,,,,
CVE-2015-4603,17,,,,
CVE-2015-4602,17,,,,
CVE-2015-4600,17,,,,
CVE-2015-4599,17,,,,
CVE-2015-3412,17,,,,
CVE-2015-3411,17,,,,
CVE-2017-11142,16,,,,
CVE-2015-4026,16,,,,
CVE-2015-4025,16,,,,
CVE-2015-4024,16,,,,
CVE-2015-4022,16,,,,
CVE-2015-4021,16,,,,
CVE-2015-3330,16,,,,
CVE-2015-3329,16,,,,
CVE-2015-3307,16,,,,
CVE-2015-2783,16,,,,
CVE-2011-0752,16,,,,
CVE-2009-4143,16,,,,
CVE-2009-4142,16,,,,
CVE-2009-4018,16,,,,
CVE-2009-3294,16,,,,
CVE-2009-3293,16,,,,
CVE-2009-3292,16,,,,
CVE-2009-3291,16,,,,
CVE-2009-2626,16,,,,
CVE-2007-6388,16,,,,
CVE-2007-5000,16,,,,
CVE-2019-7742,15,,,,
CVE-2018-17855,15,,,,
CVE-2017-7548,15,,,,
CVE-2017-14719,15,,,,
CVE-2015-8838,15,,,,
CVE-2015-6834,15,,,,
CVE-2015-5590,15,,,,
CVE-2015-5589,15,,,,
CVE-2015-4644,15,,,,
CVE-2015-4643,15,,,,
CVE-2015-4642,15,,,,
CVE-2015-4598,15,,,,
CVE-2013-4113,15,,,,
CVE-2013-1824,15,,,,
CVE-2012-3450,15,,,,
CVE-2008-2384,15,,,,
CVE-2019-7744,14,,,,
CVE-2019-7743,14,,,,
CVE-2019-7741,14,,,,
CVE-2019-7740,14,,,,
CVE-2019-7739,14,,,,
CVE-2019-6264,14,,,,
CVE-2019-6263,14,,,,
CVE-2019-6262,14,,,,
CVE-2019-6261,14,,,,
CVE-2018-17859,14,,,,
CVE-2018-17858,14,,,,
CVE-2018-17856,14,,,,
CVE-2016-3185,14,,,,
CVE-2015-8873,14,,,,
CVE-2015-8835,14,,,,
CVE-2015-6838,14,,,,
CVE-2015-6837,14,,,,
CVE-2015-6836,14,,,,
CVE-2015-6835,14,,,,
CVE-2015-6833,14,,,,
CVE-2015-6832,14,,,,
CVE-2015-6831,14,,,,
CVE-2015-4148,14,,,,
CVE-2015-4147,14,,,,
CVE-2015-2787,14,,,,
CVE-2015-2348,14,,,,
CVE-2015-2331,14,,,,
CVE-2010-1130,14,,,,
CVE-2010-0425,14,,,,
CVE-2009-4418,14,,,,
CVE-2008-2168,14,,,,
CVE-2007-4465,14,,,,
CVE-2007-1581,14,,,,
CVE-2018-6789,13,,,,
CVE-2018-6380,13,,,,
CVE-2018-6379,13,,,,
CVE-2018-6378,13,,,,
CVE-2018-6377,13,,,,
CVE-2018-6376,13,,,,
CVE-2018-15882,13,,,,
CVE-2018-15881,13,,,,
CVE-2018-15880,13,,,,
CVE-2018-11328,13,,,,
CVE-2018-11327,13,,,,
CVE-2018-11326,13,,,,
CVE-2018-11325,13,,,,
CVE-2018-11324,13,,,,
CVE-2018-11323,13,,,,
CVE-2018-11322,13,,,,
CVE-2018-11321,13,,,,
CVE-2017-14596,13,,,,
CVE-2017-11612,13,,,,
CVE-2017-11364,13,,,,
CVE-2015-4000,13,,,,
CVE-2014-3670,13,,,,
CVE-2014-3669,13,,,,
CVE-2014-3668,13,,,,
CVE-2014-2972,13,,,,
CVE-2014-2957,13,,,,
CVE-2013-5704,13,,,,
CVE-2012-5671,13,,,,
CVE-2008-0455,13,,,,
CVE-2018-5776,12,,,,
CVE-2018-12712,12,,,,
CVE-2018-12711,12,,,,
CVE-2018-10102,12,,,,
CVE-2018-10100,12,,,,
CVE-2017-9934,12,,,,
CVE-2016-0773,12,,,,
CVE-2016-0766,12,,,,
CVE-2015-0232,12,,,,
CVE-2015-0231,12,,,,
CVE-2014-9912,12,,,,
CVE-2014-5120,12,,,,
CVE-2014-3597,12,,,,
CVE-2014-3587,12,,,,
CVE-2014-3515,12,,,,
CVE-2014-3487,12,,,,
CVE-2014-3480,12,,,,
CVE-2014-3479,12,,,,
CVE-2014-3478,12,,,,
CVE-2014-0207,12,,,,
CVE-2013-2070,12,,,,
CVE-2011-1398,12,,,,
CVE-2010-3065,12,,,,
CVE-2010-2531,12,,,,
CVE-2010-2484,12,,,,
CVE-2010-2225,12,,,,
CVE-2010-2191,12,,,,
CVE-2010-2190,12,,,,
CVE-2010-2101,12,,,,
CVE-2010-2100,12,,,,
CVE-2010-2097,12,,,,
CVE-2010-2093,12,,,,
CVE-2010-1917,12,,,,
CVE-2010-1915,12,,,,
CVE-2010-1914,12,,,,
CVE-2010-1868,12,,,,
CVE-2010-1864,12,,,,
CVE-2010-1862,12,,,,
CVE-2010-1861,12,,,,
CVE-2010-1860,12,,,,
CVE-2010-1129,12,,,,
CVE-2010-1128,12,,,,
CVE-2008-5498,12,,,,
CVE-2017-7986,11,,,,
CVE-2017-7983,11,,,,
CVE-2010-0434,11,,,,
CVE-2010-0408,11,,,,
CVE-2007-6203,11,,,,
CVE-2019-10945,10,,,,
CVE-2019-0190,10,,,,
CVE-2018-17189,10,,,,
CVE-2017-9933,10,,,,
CVE-2017-7988,10,,,,
CVE-2016-7418,10,,,,
CVE-2016-7417,10,,,,
CVE-2016-7416,10,,,,
CVE-2016-7414,10,,,,
CVE-2016-7413,10,,,,
CVE-2016-7412,10,,,,
CVE-2016-6297,10,,,,
CVE-2016-5773,10,,,,
CVE-2016-5399,10,,,,
CVE-2014-3583,10,,,,
CVE-2011-2202,10,,,,
CVE-2011-1471,10,,,,
CVE-2011-1148,10,,,,
CVE-2009-1272,10,,,,
CVE-2009-1271,10,,,,
CVE-2017-12934,9,,,,
CVE-2017-11362,9,,,,
CVE-2016-5772,9,,,,
CVE-2016-5769,9,,,,
CVE-2016-5768,9,,,,
CVE-2016-5767,9,,,,
CVE-2016-5766,9,,,,
CVE-2015-8562,9,,,,
CVE-2010-4698,9,,,,
CVE-2010-4150,9,,,,
CVE-2009-1195,9,,,,
CVE-2006-4154,9,,,,
CVE-2018-14028,8,,,,
CVE-2017-11143,8,,,,
CVE-2016-9963,8,,,,
CVE-2016-6296,8,,,,
CVE-2016-6295,8,,,,
CVE-2016-6294,8,,,,
CVE-2016-6292,8,,,,
CVE-2016-6291,8,,,,
CVE-2016-6290,8,,,,
CVE-2016-6289,8,,,,
CVE-2016-4473,8,,,,
CVE-2011-1938,8,,,,
CVE-2011-0754,8,,,,
CVE-2011-0753,8,,,,
CVE-2010-4409,8,,,,
CVE-2019-10946,7,,,,
CVE-2017-6929,7,,,,
CVE-2017-6922,7,,,,
CVE-2016-9935,7,,,,
CVE-2016-7411,7,,,,
CVE-2016-7132,7,,,,
CVE-2016-7131,7,,,,
CVE-2016-7130,7,,,,
CVE-2016-7129,7,,,,
CVE-2016-7128,7,,,,
CVE-2016-7127,7,,,,
CVE-2016-7126,7,,,,
CVE-2016-7125,7,,,,
CVE-2016-7124,7,,,,
CVE-2016-3169,7,,,,
CVE-2016-3168,7,,,,
CVE-2016-3164,7,,,,
CVE-2016-3163,7,,,,
CVE-2014-8142,7,,,,
CVE-2014-5266,7,,,,
CVE-2014-5265,7,,,,
CVE-2008-5814,7,,,,
CVE-2008-5557,7,,,,
CVE-2007-6422,7,,,,
CVE-2007-6421,7,,,,
CVE-2006-3747,7,,,,
CVE-2005-2088,7,,,,
CVE-2019-9714,6,,,,
CVE-2019-9712,6,,,,
CVE-2019-9711,6,,,,
CVE-2018-17857,6,,,,
CVE-2018-1000773,6,,,,
CVE-2017-9067,6,,,,
CVE-2017-6932,6,,,,
CVE-2017-6928,6,,,,
CVE-2017-6927,6,,,,
CVE-2016-7048,6,,,,
CVE-2016-5771,6,,,,
CVE-2016-5770,6,,,,
CVE-2015-8935,6,,,,
CVE-2015-6661,6,,,,
CVE-2015-6660,6,,,,
CVE-2015-6658,6,,,,
CVE-2015-5289,6,,,,
CVE-2015-5288,6,,,,
CVE-2015-3234,6,,,,
CVE-2015-3165,6,,,,
CVE-2015-2750,6,,,,
CVE-2015-2749,6,,,,
CVE-2015-0273,6,,,,
CVE-2014-9705,6,,,,
CVE-2014-9653,6,,,,
CVE-2014-9652,6,,,,
CVE-2014-7229,6,,,,
CVE-2014-7228,6,,,,
CVE-2014-6632,6,,,,
CVE-2014-6412,6,,,,
CVE-2014-4698,6,,,,
CVE-2014-4670,6,,,,
CVE-2014-3981,6,,,,
CVE-2014-2669,6,,,,
CVE-2014-0185,6,,,,
CVE-2014-0067,6,,,,
CVE-2014-0066,6,,,,
CVE-2014-0065,6,,,,
CVE-2014-0064,6,,,,
CVE-2014-0063,6,,,,
CVE-2014-0062,6,,,,
CVE-2014-0061,6,,,,
CVE-2014-0060,6,,,,
CVE-2012-0021,6,,,,
CVE-2010-4700,6,,,,
CVE-2010-4156,6,,,,
CVE-2010-3436,6,,,,
CVE-2010-2950,6,,,,
CVE-2009-5016,6,,,,
CVE-2009-3558,6,,,,
CVE-2009-3557,6,,,,
CVE-2016-9934,5,,,,
CVE-2016-9933,5,,,,
CVE-2016-9449,5,,,,
CVE-2016-9138,5,,,,
CVE-2016-8670,5,,,,
CVE-2016-6212,5,,,,
CVE-2016-5093,5,,,,
CVE-2016-10397,5,,,,
CVE-2015-3306,5,,,,
CVE-2013-7456,5,,,,
CVE-2009-2904,5,,,,
CVE-2008-5658,5,,,,
CVE-2008-5625,5,,,,
CVE-2008-5624,5,,,,
CVE-2008-4109,5,,,,
CVE-2008-3259,5,,,,
CVE-2008-2939,5,,,,
CVE-2008-2666,5,,,,
CVE-2007-4752,5,,,,
CVE-2007-2243,5,,,,
CVE-2006-5052,5,,,,
CVE-2006-5051,5,,,,
CVE-2006-4924,5,,,,
CVE-2005-3357,5,,,,
CVE-2005-3352,5,,,,
CVE-2005-2728,5,,,,
CVE-2005-2700,5,,,,
CVE-2004-0885,5,,,,
CVE-2018-8045,4,,,,
CVE-2018-12882,4,,,,
CVE-2017-16634,4,,,,
CVE-2016-9451,4,,,,
CVE-2016-8858,4,,,,
CVE-2016-6211,4,,,,
CVE-2016-5387,4,,,,
CVE-2016-5096,4,,,,
CVE-2016-5095,4,,,,
CVE-2016-5094,4,,,,
CVE-2016-3170,4,,,,
CVE-2016-3162,4,,,,
CVE-2015-7943,4,,,,
CVE-2015-3439,4,,,,
CVE-2014-5267,4,,,,
CVE-2014-5021,4,,,,
CVE-2014-5019,4,,,,
CVE-2014-2983,4,,,,
CVE-2014-1475,4,,,,
CVE-2014-0160,4,,,,
CVE-2013-6386,4,,,,
CVE-2013-6385,4,,,,
CVE-2013-5697,4,,,,
CVE-2012-6113,4,,,,
CVE-2010-0010,4,,,,
CVE-2008-7068,4,,,,
CVE-2008-2829,4,,,,
CVE-2007-6420,4,,,,
CVE-2007-4658,4,,,,
CVE-2007-4652,4,,,,
CVE-2007-3799,4,,,,
CVE-2006-5752,4,,,,
CVE-2006-3918,4,,,,
CVE-2018-8581,3,,,,
CVE-2017-5340,3,,,,
CVE-2017-11147,3,,,,
CVE-2016-9936,3,,,,
CVE-2016-9137,3,,,,
CVE-2016-7479,3,,,,
CVE-2016-7134,3,,,,
CVE-2016-7133,3,,,,
CVE-2016-4567,3,,,,
CVE-2016-4566,3,,,,
CVE-2016-4544,3,,,,
CVE-2016-4543,3,,,,
CVE-2016-4542,3,,,,
CVE-2016-4541,3,,,,
CVE-2016-4540,3,,,,
CVE-2016-4539,3,,,,
CVE-2016-4538,3,,,,
CVE-2016-4537,3,,,,
CVE-2016-4342,3,,,,
CVE-2016-3167,3,,,,
CVE-2016-3166,3,,,,
CVE-2016-3165,3,,,,
CVE-2016-10712,3,,,,
CVE-2016-10162,3,,,,
CVE-2016-10161,3,,,,
CVE-2016-10160,3,,,,
CVE-2016-10159,3,,,,
CVE-2016-10158,3,,,,
CVE-2016-0778,3,,,,
CVE-2015-7804,3,,,,
CVE-2015-6665,3,,,,
CVE-2015-6659,3,,,,
CVE-2015-3233,3,,,,
CVE-2015-3232,3,,,,
CVE-2015-3231,3,,,,
CVE-2015-1635,3,,,,
CVE-2014-9039,3,,,,
CVE-2014-9038,3,,,,
CVE-2014-9037,3,,,,
CVE-2014-9036,3,,,,
CVE-2014-9035,3,,,,
CVE-2014-9034,3,,,,
CVE-2014-9032,3,,,,
CVE-2014-9031,3,,,,
CVE-2014-8626,3,,,,
CVE-2014-5240,3,,,,
CVE-2012-0781,3,,,,
CVE-2011-4153,3,,,,
CVE-2011-4078,3,,,,
CVE-2011-3379,3,,,,
CVE-2008-4107,3,,,,
CVE-2008-3660,3,,,,
CVE-2008-3659,3,,,,
CVE-2008-3658,3,,,,
CVE-2008-2108,3,,,,
CVE-2008-2107,3,,,,
CVE-2008-2051,3,,,,
CVE-2008-2050,3,,,,
CVE-2008-0599,3,,,,
CVE-2007-6423,3,,,,
CVE-2007-1743,3,,,,
CVE-2007-1742,3,,,,
CVE-2007-1741,3,,,,
CVE-2005-1344,3,,,,
CVE-2004-0942,3,,,,
CVE-2019-9713,2,,,,
CVE-2017-8057,2,,,,
CVE-2017-7989,2,,,,
CVE-2017-7987,2,,,,
CVE-2017-7984,2,,,,
CVE-2017-16633,2,,,,
CVE-2017-15099,2,,,,
CVE-2017-14722,2,,,,
CVE-2017-14595,2,,,,
CVE-2016-3142,2,,,,
CVE-2016-3141,2,,,,
CVE-2016-2554,2,,,,
CVE-2015-9253,2,,,,
CVE-2015-7803,2,,,,
CVE-2015-7774,2,,,,
CVE-2015-0253,2,,,,
CVE-2015-0228,2,,,,
CVE-2014-9016,2,,,,
CVE-2014-5205,2,,,,
CVE-2014-5204,2,,,,
CVE-2014-5203,2,,,,
CVE-2014-0166,2,,,,
CVE-2014-0165,2,,,,
CVE-2013-2205,2,,,,
CVE-2013-2204,2,,,,
CVE-2013-2203,2,,,,
CVE-2013-2202,2,,,,
CVE-2013-2201,2,,,,
CVE-2013-2200,2,,,,
CVE-2013-2199,2,,,,
CVE-2013-0237,2,,,,
CVE-2013-0236,2,,,,
CVE-2013-0235,2,,,,
CVE-2012-4071,2,,,,
CVE-2012-3554,2,,,,
CVE-2011-5279,2,,,,
CVE-2009-2687,2,,,,
CVE-2009-1122,2,,,,
CVE-2009-0754,2,,,,
CVE-2008-2665,2,,,,
CVE-2007-4657,2,,,,
CVE-2007-3998,2,,,,
CVE-2007-3997,2,,,,
CVE-2007-3304,2,,,,
CVE-2007-3303,2,,,,
CVE-2007-3007,2,,,,
CVE-2007-2872,2,,,,
CVE-2007-2844,2,,,,
CVE-2007-2727,2,,,,
CVE-2007-2510,2,,,,
CVE-2007-2509,2,,,,
CVE-2007-1890,2,,,,
CVE-2007-1888,2,,,,
CVE-2007-1887,2,,,,
CVE-2007-1885,2,,,,
CVE-2007-1884,2,,,,
CVE-2007-1883,2,,,,
CVE-2007-1835,2,,,,
CVE-2007-1825,2,,,,
CVE-2007-1824,2,,,,
CVE-2007-1718,2,,,,
CVE-2007-1717,2,,,,
CVE-2007-1710,2,,,,
CVE-2007-1700,2,,,,
CVE-2007-1583,2,,,,
CVE-2007-1582,2,,,,
CVE-2007-1461,2,,,,
CVE-2007-1452,2,,,,
CVE-2007-1396,2,,,,
CVE-2007-1380,2,,,,
CVE-2007-1376,2,,,,
CVE-2007-1285,2,,,,
CVE-2007-1001,2,,,,
CVE-2007-0910,2,,,,
CVE-2007-0909,2,,,,
CVE-2007-0907,2,,,,
CVE-2007-0906,2,,,,
CVE-2007-0905,2,,,,
CVE-2006-5706,2,,,,
CVE-2006-5465,2,,,,
CVE-2006-5178,2,,,,
CVE-2006-4812,2,,,,
CVE-2006-4625,2,,,,
CVE-2006-3011,2,,,,
CVE-2004-1834,2,,,,
CVE-2004-0786,2,,,,
CVE-2004-0751,2,,,,
CVE-2004-0748,2,,,,
CVE-2004-0747,2,,,,
CVE-2004-0488,2,,,,
CVE-2004-0263,2,,,,
CVE-2004-0113,2,,,,
CVE-2003-1307,2,,,,
CVE-2003-0542,2,,,,
CVE-2003-0254,2,,,,
CVE-2003-0253,2,,,,
CVE-2003-0192,2,,,,
CVE-2018-9861,1,,,,
CVE-2018-8011,1,,,,
CVE-2018-6389,1,,,,
CVE-2018-16850,1,,,,
CVE-2018-10925,1,,,,
CVE-2018-10915,1,,,,
CVE-2018-1053,1,,,,
CVE-2017-6925,1,,,,
CVE-2017-6924,1,,,,
CVE-2017-6923,1,,,,
CVE-2017-6921,1,,,,
CVE-2017-6920,1,,,,
CVE-2017-6919,1,,,,
CVE-2017-6381,1,,,,
CVE-2017-6379,1,,,,
CVE-2017-6377,1,,,,
CVE-2017-16944,1,,,,
CVE-2017-16943,1,,,,
CVE-2017-16510,1,,,,
CVE-2017-14990,1,,,,
CVE-2016-9838,1,,,,
CVE-2016-9837,1,,,,
CVE-2016-9836,1,,,,
CVE-2016-9452,1,,,,
CVE-2016-9450,1,,,,
CVE-2016-9263,1,,,,
CVE-2016-9081,1,,,,
CVE-2016-7572,1,,,,
CVE-2016-7571,1,,,,
CVE-2016-7570,1,,,,
CVE-2016-6635,1,,,,
CVE-2016-5114,1,,,,
CVE-2016-4070,1,,,,
CVE-2016-3132,1,,,,
CVE-2016-3078,1,,,,
CVE-2016-1903,1,,,,
CVE-2016-1531,1,,,,
CVE-2015-8865,1,,,,
CVE-2015-4116,1,,,,
CVE-2015-2575,1,,,,
CVE-2014-9425,1,,,,
CVE-2014-9033,1,,,,
CVE-2014-7984,1,,,,
CVE-2014-7982,1,,,,
CVE-2014-5022,1,,,,
CVE-2014-5020,1,,,,
CVE-2014-2653,1,,,,
CVE-2014-2532,1,,,,
CVE-2014-1476,1,,,,
CVE-2014-0437,1,,,,
CVE-2014-0412,1,,,,
CVE-2014-0402,1,,,,
CVE-2014-0401,1,,,,
CVE-2014-0393,1,,,,
CVE-2014-0386,1,,,,
CVE-2013-6389,1,,,,
CVE-2013-6388,1,,,,
CVE-2013-6387,1,,,,
CVE-2013-5908,1,,,,
CVE-2013-5576,1,,,,
CVE-2013-4548,1,,,,
CVE-2013-3808,1,,,,
CVE-2013-3804,1,,,,
CVE-2013-3802,1,,,,
CVE-2013-3267,1,,,,
CVE-2013-3242,1,,,,
CVE-2013-3059,1,,,,
CVE-2013-3058,1,,,,
CVE-2013-3057,1,,,,
CVE-2013-3056,1,,,,
CVE-2013-2392,1,,,,
CVE-2013-2391,1,,,,
CVE-2013-2389,1,,,,
CVE-2013-2378,1,,,,
CVE-2013-1555,1,,,,
CVE-2013-1552,1,,,,
CVE-2013-1548,1,,,,
CVE-2013-1521,1,,,,
CVE-2013-1506,1,,,,
CVE-2013-1492,1,,,,
CVE-2013-1453,1,,,,
CVE-2013-0389,1,,,,
CVE-2013-0385,1,,,,
CVE-2013-0384,1,,,,
CVE-2013-0383,1,,,,
CVE-2013-0375,1,,,,
CVE-2013-0245,1,,,,
CVE-2013-0244,1,,,,
CVE-2012-6707,1,,,,
CVE-2012-5868,1,,,,
CVE-2012-5827,1,,,,
CVE-2012-5653,1,,,,
CVE-2012-5652,1,,,,
CVE-2012-5651,1,,,,
CVE-2012-5060,1,,,,
CVE-2012-4532,1,,,,
CVE-2012-4531,1,,,,
CVE-2012-4448,1,,,,
CVE-2012-4422,1,,,,
CVE-2012-4421,1,,,,
CVE-2012-4235,1,,,,
CVE-2012-3385,1,,,,
CVE-2012-3384,1,,,,
CVE-2012-3197,1,,,,
CVE-2012-3180,1,,,,
CVE-2012-3177,1,,,,
CVE-2012-3173,1,,,,
CVE-2012-3166,1,,,,
CVE-2012-3163,1,,,,
CVE-2012-3160,1,,,,
CVE-2012-3158,1,,,,
CVE-2012-3150,1,,,,
CVE-2012-2922,1,,,,
CVE-2012-2749,1,,,,
CVE-2012-2413,1,,,,
CVE-2012-2404,1,,,,
CVE-2012-2403,1,,,,
CVE-2012-2402,1,,,,
CVE-2012-2401,1,,,,
CVE-2012-2400,1,,,,
CVE-2012-2399,1,,,,
CVE-2012-2102,1,,,,
CVE-2012-1936,1,,,,
CVE-2012-1734,1,,,,
CVE-2012-1705,1,,,,
CVE-2012-1703,1,,,,
CVE-2012-1702,1,,,,
CVE-2012-1697,1,,,,
CVE-2012-1696,1,,,,
CVE-2012-1690,1,,,,
CVE-2012-1689,1,,,,
CVE-2012-1688,1,,,,
CVE-2012-1599,1,,,,
CVE-2012-1598,1,,,,
CVE-2012-0937,1,,,,
CVE-2012-0882,1,,,,
CVE-2012-0826,1,,,,
CVE-2012-0825,1,,,,
CVE-2012-0782,1,,,,
CVE-2012-0583,1,,,,
CVE-2012-0574,1,,,,
CVE-2012-0572,1,,,,
CVE-2012-0553,1,,,,
CVE-2012-0540,1,,,,
CVE-2012-0492,1,,,,
CVE-2012-0490,1,,,,
CVE-2012-0485,1,,,,
CVE-2012-0484,1,,,,
CVE-2012-0120,1,,,,
CVE-2012-0119,1,,,,
CVE-2012-0118,1,,,,
CVE-2012-0116,1,,,,
CVE-2012-0115,1,,,,
CVE-2012-0114,1,,,,
CVE-2012-0113,1,,,,
CVE-2012-0112,1,,,,
CVE-2012-0102,1,,,,
CVE-2012-0101,1,,,,
CVE-2012-0087,1,,,,
CVE-2012-0075,1,,,,
CVE-2011-4957,1,,,,
CVE-2011-4956,1,,,,
CVE-2011-4899,1,,,,
CVE-2011-4898,1,,,,
CVE-2011-4321,1,,,,
CVE-2011-3818,1,,,,
CVE-2011-2890,1,,,,
CVE-2011-2889,1,,,,
CVE-2011-2710,1,,,,
CVE-2011-2509,1,,,,
CVE-2011-2488,1,,,,
CVE-2011-2262,1,,,,
CVE-2010-5297,1,,,,
CVE-2010-5296,1,,,,
CVE-2010-5295,1,,,,
CVE-2010-5294,1,,,,
CVE-2010-5293,1,,,,
CVE-2010-5106,1,,,,
CVE-2010-4696,1,,,,
CVE-2010-4166,1,,,,
CVE-2010-3840,1,,,,
CVE-2010-3839,1,,,,
CVE-2010-3838,1,,,,
CVE-2010-3837,1,,,,
CVE-2010-3836,1,,,,
CVE-2010-3835,1,,,,
CVE-2010-3834,1,,,,
CVE-2010-3833,1,,,,
CVE-2010-3712,1,,,,
CVE-2010-3686,1,,,,
CVE-2010-3685,1,,,,
CVE-2010-3683,1,,,,
CVE-2010-3682,1,,,,
CVE-2010-3681,1,,,,
CVE-2010-3680,1,,,,
CVE-2010-3679,1,,,,
CVE-2010-3678,1,,,,
CVE-2010-3677,1,,,,
CVE-2010-3676,1,,,,
CVE-2010-3094,1,,,,
CVE-2010-3093,1,,,,
CVE-2010-3092,1,,,,
CVE-2010-3091,1,,,,
CVE-2010-2791,1,,,,
CVE-2010-2535,1,,,,
CVE-2010-2008,1,,,,
CVE-2010-1850,1,,,,
CVE-2010-1849,1,,,,
CVE-2010-1848,1,,,,
CVE-2010-1649,1,,,,
CVE-2010-1626,1,,,,
CVE-2009-5026,1,,,,
CVE-2009-4370,1,,,,
CVE-2009-4369,1,,,,
CVE-2009-4028,1,,,,
CVE-2009-3094,1,,,,
CVE-2009-2374,1,,,,
CVE-2009-2373,1,,,,
CVE-2009-2372,1,,,,
CVE-2009-1844,1,,,,
CVE-2009-1576,1,,,,
CVE-2009-1575,1,,,,
CVE-2007-6752,1,,,,
CVE-2007-6039,1,,,,
CVE-2007-5900,1,,,,
CVE-2007-5899,1,,,,
CVE-2007-5898,1,,,,
CVE-2007-5447,1,,,,
CVE-2007-4889,1,,,,
CVE-2007-4887,1,,,,
CVE-2007-4850,1,,,,
CVE-2007-4840,1,,,,
CVE-2007-4783,1,,,,